TechID,ModeID,VehTypeID,MassCatID,FuelID,EngineID,TransTypeID,Availability,Final_Year,HybridFlag,spec_energ_consump,spec_energ_electric,noise_class,PurchasePrice,ExpectedLifeFactor,Capacity,AveEconLife
10,1,2,4,1,10,1,1980,2000,0,6.57,,0,5000,1,2,10
20,1,2,4,12,10,1,1995,2010,0,9.51,,2,7000,1,2,10
25,1,2,4,12,11,1,2010,2020,0,8.38,,2,6000,1,2,10
26,1,2,4,12,12,1,2020,,0,7.18,,2,5500,1,2,10
30,1,2,4,1,11,1,2000,2010,0,5.65,,0,5000,1,2,10
40,1,2,4,1,12,1,2010,,0,4.56,,0,5000,1,2,10
50,1,2,4,13,13,1,2015,2030,0,23.99,,2,7000,1,2,10
60,1,2,4,13,13,1,2030,,0,19.23,,2,6000,1,2,10
70,1,3,1,1,1,1,1980,1991,0,8.36,,0,10000,1,5,12
80,1,3,1,1,14,1,2009,2014,0,7.31,,1,10000,1,5,12
81,1,3,1,1,15,1,2015,2019,0,6.71,,1,10000,1,5,12
82,1,3,1,1,16,1,2020,2024,0,6.23,,1,10000,1,5,12
83,1,3,1,1,17,1,2025,2029,0,5.77,,1,10000,1,5,12
84,1,3,1,1,18,1,2030,2034,0,5.35,,1,10000,1,5,12
85,1,3,1,1,19,1,2035,2039,0,4.96,,1,10000,1,5,12
86,1,3,1,1,20,1,2040,2044,0,4.60,,1,10000,1,5,12
87,1,3,1,1,21,1,2045,,0,4.27,,1,10000,1,5,12
90,1,3,1,1,3,1,1992,1995,0,7.65,,0,10000,1,5,12
91,1,3,1,1,14,1,2009,2014,2,3.48,11.10,1,20000,1,5,12
92,1,3,1,1,15,1,2015,2019,2,3.24,10.14,1,17500,1,5,12
93,1,3,1,1,16,1,2020,2024,2,3.00,9.40,1,15000,1,5,12
94,1,3,1,1,17,1,2025,2029,2,2.79,8.72,1,12500,1,5,12
95,1,3,1,1,18,1,2030,2034,2,2.58,8.08,1,12000,1,5,12
96,1,3,1,1,19,1,2035,2039,2,2.40,7.49,1,12000,1,5,12
97,1,3,1,1,20,1,2040,2044,2,2.22,6.95,1,12000,1,5,12
98,1,3,1,1,21,1,2045,,2,2.09,6.44,1,12000,1,5,12
100,1,3,1,1,4,1,1996,1999,0,8.12,,1,10000,1,5,12
110,1,3,1,1,5,1,2000,2004,0,8.15,,1,10000,1,5,12
120,1,3,1,1,6,1,2005,2008,0,7.75,,1,10000,1,5,12
130,1,3,2,1,1,1,1980,1991,0,9.42,,0,15000,1,5,12
140,1,3,2,1,14,1,2009,2014,0,8.35,,1,15000,1,5,12
150,1,3,2,1,3,1,1992,1995,0,8.87,,0,15000,1,5,12
160,1,3,2,1,4,1,1996,1999,0,9.45,,0,15000,1,5,12
161,1,3,2,1,14,1,2009,2014,2,4.01,22.43,1,25000,1,5,12
162,1,3,2,1,15,1,2015,2019,2,3.74,20.49,1,22500,1,5,12
163,1,3,2,1,16,1,2020,2024,2,3.47,19.00,1,20000,1,5,12
164,1,3,2,1,17,1,2025,2029,2,3.22,17.62,1,18000,1,5,12
165,1,3,2,1,18,1,2030,2034,2,2.98,16.33,1,18000,1,5,12
166,1,3,2,1,19,1,2035,2039,2,2.77,15.14,1,18000,1,5,12
167,1,3,2,1,20,1,2040,2044,2,2.57,14.04,1,18000,1,5,12
168,1,3,2,1,21,1,2045,,2,2.41,13.02,1,18000,1,5,12
170,1,3,2,1,5,1,2000,2004,0,9.49,,1,15000,1,5,12
171,1,3,2,1,15,1,2015,2019,0,7.67,,1,15000,1,5,12
172,1,3,2,1,16,1,2020,2024,0,7.12,,1,15000,1,5,12
173,1,3,2,1,17,1,2025,2029,0,6.60,,1,15000,1,5,12
174,1,3,2,1,18,1,2030,2034,0,6.12,,1,15000,1,5,12
175,1,3,2,1,19,1,2035,2039,0,5.67,,1,15000,1,5,12
176,1,3,2,1,20,1,2040,2044,0,5.26,,1,15000,1,5,12
177,1,3,2,1,21,1,2045,,0,4.88,,1,15000,1,5,12
181,1,3,2,1,6,1,2005,2008,0,8.86,,1,15000,1,5,12
190,1,3,3,1,1,1,1980,1991,0,10.50,,0,22000,1,5,12
191,1,3,3,1,14,1,2009,2014,2,4.99,30.00,1,32500,1,5,12
192,1,3,3,1,15,1,2015,2019,2,4.66,28.00,1,30000,1,5,12
193,1,3,3,1,16,1,2020,2024,2,4.32,26.00,1,27500,1,5,12
194,1,3,3,1,17,1,2025,2029,2,4.01,24.00,1,25000,1,5,12
195,1,3,3,1,18,1,2030,2034,2,3.71,22.00,1,24000,1,5,12
196,1,3,3,1,19,1,2035,2039,2,3.44,20.00,1,24000,1,5,12
197,1,3,3,1,20,1,2040,2044,2,3.19,18.00,1,24000,1,5,12
198,1,3,3,1,21,1,2045,,2,3.00,16.00,1,24000,1,5,12
200,1,3,3,1,14,1,2009,2014,0,10.31,,1,22000,1,5,12
201,1,3,3,1,16,1,2020,2024,0,8.78,,1,22000,1,5,12
202,1,3,3,1,17,1,2025,2029,0,8.14,,1,22000,1,5,12
203,1,3,3,1,18,1,2030,2034,0,7.55,,1,22000,1,5,12
204,1,3,3,1,19,1,2035,2039,0,7.00,,1,22000,1,5,12
205,1,3,3,1,20,1,2040,2044,0,6.49,,1,22000,1,5,12
206,1,3,3,1,21,1,2045,,0,6.02,,1,22000,1,5,12
210,1,3,3,1,3,1,1992,1995,0,10.98,,0,22000,1,5,12
220,1,3,3,1,4,1,1996,1999,0,11.67,,0,22000,1,5,12
230,1,3,3,1,5,1,2000,2004,0,11.71,,1,22000,1,5,12
240,1,3,3,1,6,1,2005,2008,0,10.93,,1,22000,1,5,12
245,1,3,3,1,15,1,2015,2019,0,9.46,,1,22000,1,5,12
250,1,3,2,2,1,1,1980,1991,0,5.59,,0,18000,1,5,12
251,1,3,2,2,15,1,2015,2019,0,5.01,,1,16200,1,5,12
252,1,3,2,2,16,1,2020,2024,0,4.65,,1,15750,1,5,12
253,1,3,2,2,17,1,2025,2029,0,4.31,,1,15750,1,5,12
254,1,3,2,2,18,1,2030,2034,0,4.00,,1,15750,1,5,12
255,1,3,2,2,19,1,2035,2039,0,3.71,,1,15750,1,5,12
256,1,3,2,2,20,1,2040,2044,0,3.44,,1,15750,1,5,12
257,1,3,2,2,21,1,2045,,0,3.19,,1,15750,1,5,12
260,1,3,2,2,14,1,2009,2014,0,5.46,,1,16500,1,5,12
261,1,3,2,8,7,1,1995,2009,0,6.29,,1,22000,1,5,12
265,1,3,1,2,14,1,2009,2014,0,4.91,,1,11000,1,5,12
266,1,3,1,2,15,1,2015,2019,0,4.51,,1,10800,1,5,12
267,1,3,1,2,16,1,2020,2024,0,4.19,,1,10500,1,5,12
268,1,3,1,2,17,1,2025,2029,0,3.88,,1,10500,1,5,12
269,1,3,1,2,18,1,2030,2034,0,3.60,,1,10500,1,5,12
270,1,3,2,2,3,1,1992,1995,0,5.83,,0,18000,1,5,12
271,1,3,1,2,19,1,2035,2039,0,3.34,,1,10500,1,5,12
272,1,3,1,2,20,1,2040,2044,0,3.09,,1,10500,1,5,12
273,1,3,1,2,21,1,2045,,0,2.87,,1,10500,1,5,12
275,1,3,1,12,6,1,2005,2008,0,11.79,,2,25000,1,5,12
276,1,3,1,12,14,1,2009,2014,0,11.10,,2,23000,1,5,12
277,1,3,1,13,13,1,2020,2029,0,26.08,,2,40000,1,5,12
278,1,3,1,13,13,1,2030,,0,20.25,,2,30000,1,5,12
280,1,3,2,2,4,1,1996,1999,0,5.87,,0,18000,1,5,12
290,1,3,2,2,5,1,2000,2004,0,6.20,,0,18000,1,5,12
291,1,3,2,8,8,1,2010,2024,0,5.02,,1,20000,1,5,12
292,1,3,2,8,9,1,2025,,0,3.73,,1,18000,1,5,12
295,1,3,1,2,5,1,2000,2004,0,5.58,,1,12000,1,5,12
300,1,3,2,2,6,1,2005,2008,0,5.79,,1,16950,1,5,12
302,1,3,2,1,6,1,2005,2008,1,5.36,,2,25000,1,5,12
305,1,3,1,2,6,1,2005,2008,0,5.21,,1,11300,1,5,12
310,1,3,3,2,1,1,1980,1991,0,7.11,,0,25000,1,5,12
320,1,3,2,1,14,1,2009,2014,1,5.06,,2,22000,1,5,12
321,1,3,2,1,15,1,2015,2019,1,4.64,,2,20000,1,5,12
322,1,3,2,1,16,1,2020,2024,1,4.31,,2,18000,1,5,12
323,1,3,2,1,17,1,2025,2029,1,4.00,,2,18000,1,5,12
324,1,3,2,1,18,1,2030,2034,1,3.70,,2,18000,1,5,12
325,1,3,2,1,19,1,2035,2039,1,3.43,,2,18000,1,5,12
326,1,3,2,1,20,1,2040,2044,1,3.18,,2,18000,1,5,12
327,1,3,2,1,21,1,2045,,1,2.95,,2,18000,1,5,12
330,1,3,3,2,3,1,1992,1995,0,7.41,,0,25000,1,5,12
340,1,3,3,2,4,1,1996,1999,0,7.33,,0,25000,1,5,12
350,1,3,3,2,5,1,2000,2004,0,7.97,,0,25000,1,5,12
351,1,3,3,8,7,1,1995,2009,0,9.26,,1,32000,1,5,12
360,1,3,3,2,6,1,2005,2008,0,7.44,,1,24860,1,5,12
361,1,3,3,8,8,1,2010,2024,0,7.47,,1,28000,1,5,12
362,1,3,3,1,6,1,2005,2008,1,6.61,,2,35000,1,5,12
363,1,3,3,2,14,1,2009,2014,0,7.01,,1,24200,1,5,12
364,1,3,1,12,15,1,2015,2019,0,10.14,,2,20000,1,5,12
365,1,3,3,13,13,1,2015,2029,0,43.47,,2,44000,1,5,12
366,1,3,3,2,15,1,2015,2019,0,6.44,,1,23760,1,5,12
367,1,3,3,2,16,1,2020,2024,0,5.98,,1,23100,1,5,12
368,1,3,3,2,17,1,2025,2029,0,5.54,,1,23100,1,5,12
369,1,3,3,2,18,1,2030,2034,0,5.14,,1,23100,1,5,12
370,1,3,3,2,19,1,2035,2039,0,4.76,,1,23100,1,5,12
371,1,3,3,2,20,1,2040,2044,0,4.42,,1,23100,1,5,12
372,1,3,3,2,21,1,2045,,0,4.10,,1,23100,1,5,12
373,1,3,3,8,9,1,2025,,0,5.54,,1,26000,1,5,12
375,1,3,1,12,16,1,2020,2024,0,9.40,,2,16000,1,5,12
376,1,3,3,13,13,1,2030,,0,29.73,,2,33000,1,5,12
377,1,3,1,12,17,1,2025,2029,0,8.72,,2,14000,1,5,12
378,1,3,2,13,13,1,2030,,0,33.75,,2,40000,1,5,12
380,1,3,1,12,18,1,2030,2034,0,8.08,,2,12000,1,5,12
381,1,3,1,12,19,1,2035,2039,0,7.49,,2,12000,1,5,12
385,1,3,3,7,6,1,2005,2008,0,14.52,,1,26000,1,5,12
386,1,3,3,7,14,1,2009,2014,0,14.63,,1,26000,1,5,12
387,1,3,3,7,15,1,2015,2019,0,12.44,,1,25000,1,5,12
388,1,3,3,7,16,1,2020,2024,0,11.54,,1,25000,1,5,12
389,1,3,3,7,17,1,2025,2029,0,10.70,,1,25000,1,5,12
390,1,3,3,7,18,1,2030,2034,0,9.92,,1,25000,1,5,12
391,1,3,3,7,19,1,2035,2039,0,9.20,,1,25000,1,5,12
392,1,3,3,7,20,1,2040,2044,0,8.53,,1,25000,1,5,12
393,1,3,3,7,21,1,2045,,0,7.91,,1,25000,1,5,12
400,1,3,3,1,14,1,2009,2014,1,6.24,,2,32500,1,5,12
401,1,3,3,1,15,1,2015,2019,1,5.73,,2,30000,1,5,12
402,1,3,3,1,16,1,2020,2024,1,5.32,,2,27500,1,5,12
403,1,3,3,1,17,1,2025,2029,1,4.93,,2,25000,1,5,12
404,1,3,3,1,18,1,2030,2034,1,4.57,,2,24000,1,5,12
405,1,3,3,1,19,1,2035,2039,1,4.24,,2,24000,1,5,12
406,1,3,3,1,20,1,2040,2044,1,3.93,,2,24000,1,5,12
407,1,3,3,1,21,1,2045,,1,3.64,,2,24000,1,5,12
410,1,3,2,7,6,1,2005,2008,0,12.59,,1,19000,1,5,12
411,1,3,2,7,14,1,2009,2014,0,11.86,,1,19000,1,5,12
412,1,3,2,7,15,1,2015,2019,0,10.08,,1,19000,1,5,12
413,1,3,2,7,16,1,2020,2024,0,9.35,,1,19000,1,5,12
414,1,3,2,7,17,1,2025,2029,0,8.67,,1,19000,1,5,12
415,1,3,2,7,18,1,2030,2034,0,8.04,,1,19000,1,5,12
416,1,3,2,7,19,1,2035,2039,0,7.45,,1,19000,1,5,12
417,1,3,2,7,20,1,2040,2044,0,6.91,,1,19000,1,5,12
418,1,3,2,7,21,1,2045,,0,6.41,,1,19000,1,5,12
420,1,3,3,14,14,1,2009,2014,0,42.49,,1,60000,1,5,12
421,1,3,3,14,15,1,2015,2019,0,38.81,,1,60000,1,5,12
422,1,3,3,14,16,1,2020,2024,0,35.98,,1,50000,1,5,12
423,1,3,3,14,17,1,2025,2029,0,33.36,,1,40000,1,5,12
424,1,3,3,14,18,1,2030,2039,0,30.93,,1,40000,1,5,12
425,1,3,3,14,20,1,2040,,0,26.59,,1,40000,1,5,12
430,1,3,2,5,4,1,1995,1999,0,10.57,,2,22000,1,5,12
431,1,3,2,5,5,1,2000,2004,0,10.74,,2,20000,1,5,12
432,1,3,2,5,6,1,2005,2008,0,9.37,,2,19000,1,5,12
433,1,3,2,5,14,1,2009,2014,0,8.79,,2,19000,1,5,12
434,1,3,2,5,15,1,2015,2019,0,8.03,,2,19000,1,5,12
435,1,3,2,5,16,1,2020,2024,0,7.45,,2,19000,1,5,12
436,1,3,2,5,17,1,2025,2029,0,6.90,,2,19000,1,5,12
437,1,3,2,5,18,1,2030,2034,0,6.40,,2,19000,1,5,12
438,1,3,2,5,19,1,2035,2039,0,5.94,,2,19000,1,5,12
439,1,3,2,5,20,1,2040,2044,0,5.50,,2,19000,1,5,12
440,1,3,2,5,21,1,2045,,0,5.10,,2,19000,1,5,12
441,1,3,3,5,4,1,1995,1999,0,11.03,,2,26000,1,5,12
442,1,3,3,5,5,1,2000,2004,0,11.73,,2,26000,1,5,12
443,1,3,3,5,6,1,2005,2008,0,10.23,,2,26000,1,5,12
444,1,3,3,5,14,1,2009,2014,0,9.61,,2,26000,1,5,12
445,1,3,3,5,15,1,2015,2019,0,8.77,,2,26000,1,5,12
446,1,3,3,5,16,1,2020,2024,0,8.13,,2,26000,1,5,12
447,1,3,3,5,17,1,2025,2029,0,7.54,,2,26000,1,5,12
448,1,3,3,5,18,1,2030,2034,0,6.99,,2,26000,1,5,12
449,1,3,3,5,19,1,2035,2039,0,6.48,,2,26000,1,5,12
450,1,3,3,5,20,1,2040,2044,0,6.01,,2,26000,1,5,12
451,1,3,3,5,21,1,2045,,0,5.58,,2,26000,1,5,12
460,1,3,2,2,6,1,2005,2008,1,3.50,,2,28250,1,5,12
461,1,3,2,2,14,1,2009,2014,1,3.31,,2,24200,1,5,12
462,1,3,2,2,15,1,2015,2019,1,3.04,,2,21600,1,5,12
463,1,3,2,2,16,1,2020,2024,1,2.82,,2,21000,1,5,12
464,1,3,2,2,17,1,2025,2029,1,2.61,,2,21000,1,5,12
465,1,3,2,2,18,1,2030,2034,1,2.42,,2,21000,1,5,12
466,1,3,2,2,19,1,2035,2039,1,2.25,,2,21000,1,5,12
467,1,3,2,2,20,1,2040,2044,1,2.08,,2,21000,1,5,12
468,1,3,2,2,21,1,2045,,1,1.93,,2,21000,1,5,12
470,1,3,3,2,6,1,2005,2008,1,4.50,,2,39550,1,5,12
471,1,3,3,2,14,1,2009,2014,1,4.25,,2,35750,1,5,12
472,1,3,3,2,15,1,2015,2019,1,3.90,,2,32400,1,5,12
473,1,3,3,2,16,1,2020,2024,1,3.62,,2,30000,1,5,12
474,1,3,3,2,17,1,2025,2029,1,3.36,,2,30000,1,5,12
475,1,3,3,2,18,1,2030,2034,1,3.11,,2,30000,1,5,12
476,1,3,3,2,19,1,2035,2039,1,2.89,,2,30000,1,5,12
477,1,3,3,2,20,1,2040,2044,1,2.68,,2,30000,1,5,12
478,1,3,3,2,21,1,2045,,1,2.48,,2,30000,1,5,12
480,1,3,2,12,5,1,2000,2004,0,23.81,,2,40000,1,5,12
510,1,3,2,12,6,1,2005,2008,0,23.83,,2,35000,1,5,12
515,1,3,2,12,14,1,2009,2014,0,22.43,,2,30000,1,5,12
520,1,3,1,10,6,1,2005,2008,0,29.04,,1,15000,1,5,12
521,1,3,1,10,14,1,2009,2014,0,27.26,,1,14000,1,5,12
522,1,3,1,10,15,1,2015,2019,0,24.90,,1,13500,1,5,12
523,1,3,1,10,16,1,2020,2024,0,23.08,,1,13000,1,5,12
524,1,3,1,10,17,1,2025,2029,0,21.40,,1,13000,1,5,12
525,1,3,1,10,18,1,2030,2034,0,19.85,,1,13000,1,5,12
526,1,3,1,10,19,1,2035,2039,0,18.40,,1,13000,1,5,12
527,1,3,1,10,20,1,2040,2044,0,17.06,,1,13000,1,5,12
528,1,3,1,10,21,1,2045,,0,15.82,,1,13000,1,5,12
530,1,3,2,10,6,1,2005,2008,0,33.18,,1,24000,1,5,12
531,1,3,2,10,14,1,2009,2014,0,31.15,,1,22000,1,5,12
532,1,3,2,10,15,1,2015,2019,0,28.45,,1,20000,1,5,12
533,1,3,2,10,16,1,2020,2024,0,26.38,,1,20000,1,5,12
534,1,3,2,10,17,1,2025,2029,0,24.46,,1,20000,1,5,12
535,1,3,2,10,18,1,2030,2034,0,22.68,,1,20000,1,5,12
536,1,3,2,10,19,1,2035,2039,0,21.03,,1,20000,1,5,12
537,1,3,2,10,20,1,2040,2044,0,19.50,,1,20000,1,5,12
538,1,3,2,10,21,1,2045,,0,18.08,,1,20000,1,5,12
540,1,3,3,10,6,1,2005,2008,0,40.95,,1,32000,1,5,12
541,1,3,3,10,14,1,2009,2014,0,38.44,,1,30000,1,5,12
542,1,3,3,10,15,1,2015,2019,0,35.11,,1,28000,1,5,12
543,1,3,3,10,16,1,2020,2024,0,32.55,,1,27000,1,5,12
544,1,3,3,10,17,1,2025,2029,0,30.18,,1,27000,1,5,12
545,1,3,3,10,18,1,2030,2034,0,27.99,,1,27000,1,5,12
546,1,3,3,10,19,1,2035,2039,0,25.95,,1,27000,1,5,12
547,1,3,3,10,20,1,2040,2044,0,24.06,,1,27000,1,5,12
548,1,3,3,10,21,1,2045,,0,22.31,,1,27000,1,5,12
550,1,3,1,5,6,1,2005,2008,0,9.55,,1,13000,1,5,12
551,1,3,1,5,14,1,2009,2014,0,8.96,,1,13000,1,5,12
552,1,3,1,5,15,1,2015,2019,0,8.19,,1,12500,1,5,12
553,1,3,1,5,16,1,2020,2024,0,7.59,,1,12500,1,5,12
554,1,3,1,5,17,1,2025,2029,0,7.04,,1,12500,1,5,12
555,1,3,1,5,18,1,2030,2034,0,6.53,,1,12500,1,5,12
556,1,3,1,5,19,1,2035,2039,0,6.05,,1,12500,1,5,12
557,1,3,1,5,20,1,2040,2044,0,5.61,,1,12500,1,5,12
558,1,3,1,5,21,1,2045,,0,5.20,,1,12500,1,5,12
580,1,3,1,12,20,1,2040,2044,0,6.95,,2,12000,1,5,12
590,1,3,1,12,3,1,1992,1995,0,12.68,,2,35000,1,5,12
600,1,3,1,12,4,1,1996,1999,0,12.69,,2,30000,1,5,12
610,1,3,1,12,5,1,2000,2004,0,12.71,,2,27500,1,5,12
611,1,3,2,2,14,1,2009,2014,2,3.46,22.43,1,27500,1,5,12
612,1,3,2,2,15,1,2015,2019,2,3.23,20.49,1,24300,1,5,12
613,1,3,2,2,16,1,2020,2024,2,3.00,19.00,1,21000,1,5,12
614,1,3,2,2,17,1,2025,2029,2,2.78,17.62,1,18900,1,5,12
615,1,3,2,2,18,1,2030,2034,2,2.58,16.33,1,18900,1,5,12
616,1,3,2,2,19,1,2035,2039,2,2.39,15.14,1,18900,1,5,12
617,1,3,2,2,20,1,2040,2044,2,2.22,14.04,1,18900,1,5,12
618,1,3,2,2,21,1,2045,,2,2.08,13.02,1,18900,1,5,12
620,1,3,1,1,14,1,2009,2014,1,4.34,,1,16500,1,5,12
621,1,3,1,1,15,1,2015,2019,1,3.99,,1,13500,1,5,12
622,1,3,1,1,16,1,2020,2024,1,3.70,,1,12000,1,5,12
623,1,3,1,1,17,1,2025,2029,1,3.43,,1,12000,1,5,12
624,1,3,1,1,18,1,2030,2034,1,3.18,,1,12000,1,5,12
625,1,3,1,1,19,1,2035,2039,1,2.95,,1,12000,1,5,12
626,1,3,1,1,20,1,2040,2044,1,2.73,,1,12000,1,5,12
627,1,3,1,1,21,1,2045,,1,2.54,,1,12000,1,5,12
630,1,4,11,2,1,1,1980,1993,0,34.62,,0,62752,1,10,15
631,1,3,3,2,14,1,2009,2014,2,3.46,26.92,1,35750,1,5,12
632,1,3,3,2,15,1,2015,2019,2,3.23,24.59,1,32400,1,5,12
633,1,3,3,2,16,1,2020,2024,2,3.00,22.80,1,28875,1,5,12
634,1,3,3,2,17,1,2025,2029,2,2.78,21.14,1,26250,1,5,12
635,1,3,3,2,18,1,2030,2034,2,2.58,19.60,1,25200,1,5,12
636,1,3,3,2,19,1,2035,2039,2,2.39,18.17,1,25200,1,5,12
637,1,3,3,2,20,1,2040,2044,2,2.22,16.85,1,25200,1,5,12
638,1,3,3,2,21,1,2045,,2,2.08,15.62,1,25200,1,5,12
640,1,4,11,1,7,1,1990,2005,0,17.91,,0,62752,1,10,15
641,1,3,3,12,14,1,2009,2014,0,25.78,,2,45000,1,5,12
642,1,3,3,12,15,1,2015,2019,0,23.07,,2,37500,1,5,12
643,1,3,3,12,16,1,2020,2024,0,21.71,,2,28000,1,5,12
644,1,3,3,12,17,1,2025,2029,0,20.35,,2,25000,1,5,12
645,1,3,3,12,18,1,2030,2034,0,18.32,,2,22000,1,5,12
646,1,3,3,12,19,1,2035,2039,0,16.96,,2,22000,1,5,12
647,1,3,3,12,20,1,2040,2044,0,16.28,,2,22000,1,5,12
648,1,3,3,12,21,1,2045,,0,14.93,,2,22000,1,5,12
650,1,4,11,10,6,1,2005,2009,0,147.40,,1,19800,1,10,15
651,1,4,11,10,14,1,2009,2015,0,145.11,,1,18975,1,10,15
652,1,4,11,10,15,1,2015,2020,0,140.92,,1,18150,1,10,15
653,1,4,11,10,16,1,2020,2025,0,137.44,,1,17985,1,10,15
654,1,4,11,10,17,1,2025,2030,0,134.03,,1,17820,1,10,15
655,1,4,11,10,18,1,2030,2035,0,130.72,,1,17655,1,10,15
656,1,4,11,10,19,1,2035,2040,0,127.48,,1,17490,1,10,15
657,1,4,11,10,20,1,2040,2045,0,124.33,,1,17325,1,10,15
658,1,4,11,10,21,1,2045,,0,121.25,,1,17325,1,10,15
660,1,4,11,5,6,1,2005,2009,0,54.64,,1,72164.79688,1,10,15
661,1,4,11,5,14,1,2009,2015,0,47.70,,1,69027.20313,1,10,15
662,1,4,11,5,15,1,2015,2020,0,46.33,,1,68399.67969,1,10,15
663,1,4,11,5,16,1,2020,2025,0,45.18,,1,67772.15625,1,10,15
664,1,4,11,5,17,1,2025,2030,0,44.06,,1,67144.64063,1,10,15
665,1,4,11,5,18,1,2030,2035,0,42.97,,1,66517.11719,1,10,15
666,1,4,11,5,19,1,2035,2040,0,41.91,,1,65889.60156,1,10,15
667,1,4,11,5,20,1,2040,2045,0,40.87,,1,65889.60156,1,10,15
668,1,4,11,5,21,1,2045,,0,39.86,,1,65889.60156,1,10,15
670,1,4,11,1,8,1,2005,2020,0,16.23,,1,62752,1,10,15
675,1,4,11,1,9,1,2020,,0,15.10,,1,62752,1,10,15
680,1,4,12,12,6,1,2005,2009,0,102.97,,2,225000,1,39,15
690,1,4,11,2,14,1,2009,2015,0,29.22,,1,62752,1,10,15
691,1,4,11,8,7,1,1990,2005,0,40.62,,0,65890,1,10,15
695,1,4,11,2,15,1,2015,2020,0,28.45,,1,62752,1,10,15
696,1,4,11,2,16,1,2020,2025,0,27.76,,1,62752,1,10,15
697,1,4,11,2,17,1,2025,2030,0,27.07,,1,62752,1,10,15
698,1,4,11,2,18,1,2030,2035,0,26.40,,1,62752,1,10,15
699,1,4,11,2,19,1,2035,2040,0,25.75,,1,62752,1,10,15
700,1,4,11,2,3,1,1992,1996,0,34.51,,0,62752,1,10,15
701,1,4,11,2,20,1,2040,2045,0,25.11,,1,62752,1,10,15
702,1,4,11,2,21,1,2045,,0,24.49,,1,62752,1,10,15
720,1,4,11,2,4,1,1996,2000,0,34.57,,0,62752,1,10,15
730,1,4,12,12,14,1,2009,2015,0,98.91,,2,199190.875,1,39,15
731,1,4,12,12,15,1,2015,2020,0,93.13,,2,176451.7188,1,39,15
750,1,4,11,12,7,1,2015,2025,0,53.79,,2,85000,1,10,15
780,1,4,11,12,8,1,2025,2035,0,48.64,,2,69451.1875,1,10,15
781,1,4,11,12,9,1,2035,,0,43.99,,2,62810.41016,1,10,15
810,1,4,11,2,5,1,2000,2005,0,31.30,,1,62752,1,10,15
811,1,4,11,8,8,1,2005,2015,0,37.76,,1,65890,1,10,15
812,1,4,11,8,9,1,2015,,0,36.04,,1,65890,1,10,15
850,1,4,11,2,6,1,2005,2009,0,29.79,,1,62752,1,10,15
852,1,4,11,2,6,1,2005,2009,1,18.04,,1,75300,1,10,15
853,1,4,11,7,6,1,2005,2009,0,26.28,,1,67998,1,10,15
854,1,4,11,13,13,1,2010,,0,180.74,,0,93750,1,10,15
855,1,3,1,12,21,1,2045,,0,6.44,,2,12000,1,5,12
856,1,3,2,13,13,1,2020,2029,0,43.47,,2,50000,1,5,12
857,1,4,11,7,14,1,2009,2015,0,25.65,,1,67998,1,10,15
858,1,4,11,7,15,1,2015,2020,0,25.11,,1,67321,1,10,15
859,1,4,11,7,16,1,2020,2025,0,24.49,,1,66650,1,10,15
860,1,4,11,7,17,1,2025,2030,0,23.89,,1,65986,1,10,15
861,1,4,11,7,18,1,2030,2035,0,23.30,,1,65329,1,10,15
862,1,4,11,7,19,1,2035,2040,0,22.72,,1,64678,1,10,15
863,1,4,11,7,20,1,2040,2045,0,22.16,,1,64034,1,10,15
864,1,4,11,7,21,1,2045,,0,21.61,,1,63396,1,10,15
865,1,4,11,2,14,1,2009,2015,1,17.70,,1,70000,1,10,15
866,1,4,11,2,15,1,2015,2020,1,17.23,,1,68000,1,10,15
867,1,4,11,2,16,1,2020,2025,1,16.81,,1,65890,1,10,15
868,1,4,11,2,17,1,2025,2030,1,16.39,,1,65890,1,10,15
869,1,4,11,2,18,1,2030,2035,1,15.99,,1,65890,1,10,15
870,1,4,12,2,1,1,1980,1992,0,52.99,,0,125504,1,39,15
871,1,4,11,2,19,1,2035,2040,1,15.59,,1,65890,1,10,15
872,1,4,11,2,20,1,2040,2045,1,15.20,,1,65890,1,10,15
873,1,4,11,2,21,1,2045,,1,14.83,,1,65890,1,10,15
890,1,4,12,2,14,1,2009,2015,0,39.35,,0,125504,1,39,15
940,1,4,12,12,16,1,2020,2025,0,88.56,,2,159498.3906,1,39,15
941,1,4,12,12,17,1,2025,2030,0,84.22,,2,147889.5313,1,39,15
950,1,4,12,7,8,1,2020,2030,0,107.19,,1,138054,1,39,15
970,1,4,12,2,3,1,1992,1996,0,52.51,,0,125504,1,39,15
980,1,4,12,2,4,1,1996,2000,0,42.09,,0,125504,1,39,15
981,1,4,12,2,14,1,2009,2015,2,23.96,98.91,0,150605,1,39,15
982,1,4,12,2,15,1,2015,2020,2,23.33,93.13,0,145000,1,39,15
983,1,4,12,2,16,1,2020,2025,2,22.76,88.56,0,145000,1,39,15
984,1,4,12,2,17,1,2025,2030,2,22.20,84.22,0,145000,1,39,15
985,1,4,12,2,18,1,2030,2035,2,21.65,80.09,0,145000,1,39,15
986,1,4,12,2,19,1,2035,2040,2,21.11,76.17,0,145000,1,39,15
987,1,4,12,2,20,1,2040,2045,2,20.59,72.43,0,145000,1,39,15
988,1,4,12,2,21,1,2045,,2,20.08,68.88,0,145000,1,39,15
990,1,4,12,10,6,1,2005,2009,0,198.43,,1,150604.7969,1,39,15
991,1,4,12,10,14,1,2009,2015,0,219.94,,1,144329.5938,1,39,15
992,1,4,12,10,15,1,2015,2020,0,189.74,,1,138054.4063,1,39,15
993,1,4,12,10,16,1,2020,2025,0,185.05,,1,136799.3594,1,39,15
994,1,4,12,10,17,1,2025,2030,0,180.47,,1,135544.3125,1,39,15
995,1,4,12,10,18,1,2030,2035,0,176.00,,1,134289.2813,1,39,15
996,1,4,12,10,19,1,2035,2040,0,171.65,,1,133034.2344,1,39,15
997,1,4,12,10,20,1,2040,2045,0,167.40,,1,131779.2031,1,39,15
998,1,4,12,10,21,1,2045,,0,163.25,,1,131779.2031,1,39,15
1000,1,4,12,5,6,1,2005,2009,0,65.23,,1,144329.5938,1,39,15
1001,1,4,12,5,14,1,2009,2015,0,64.23,,1,138054.4063,1,39,15
1002,1,4,12,5,15,1,2015,2020,0,62.38,,1,136799.3594,1,39,15
1003,1,4,12,5,16,1,2020,2025,0,60.83,,1,135544.3125,1,39,15
1004,1,4,12,5,17,1,2025,2030,0,59.33,,1,134289.2813,1,39,15
1005,1,4,12,5,18,1,2030,2035,0,57.86,,1,133034.2344,1,39,15
1006,1,4,12,5,19,1,2035,2040,0,56.43,,1,131779.2031,1,39,15
1007,1,4,12,5,20,1,2040,2045,0,55.03,,1,131779.2031,1,39,15
1008,1,4,12,5,21,1,2045,,0,53.67,,1,131779.2031,1,39,15
1010,1,4,12,12,18,1,2030,2035,0,80.09,,2,140641.4688,1,39,15
1030,1,4,12,12,19,1,2035,2040,0,76.17,,2,133748.6406,1,39,15
1031,1,4,12,12,20,1,2040,2045,0,72.43,,2,130438.1953,1,39,15
1040,1,4,12,2,5,1,2000,2005,0,42.15,,0,125504,1,39,15
1041,1,4,12,8,7,1,1990,2005,0,59.52,,1,138054,1,39,15
1050,1,4,13,10,6,1,2005,2009,0,178.54,,1,150604.7969,1,65,15
1051,1,4,13,10,14,1,2009,2015,0,175.77,,1,144329.5938,1,65,15
1052,1,4,13,10,15,1,2015,2020,0,170.70,,1,138054.4063,1,65,15
1053,1,4,13,10,16,1,2020,2025,0,166.47,,1,136799.3594,1,65,15
1054,1,4,13,10,17,1,2025,2030,0,162.35,,1,135544.3125,1,65,15
1055,1,4,13,10,18,1,2030,2035,0,158.33,,1,134289.2813,1,65,15
1056,1,4,13,10,19,1,2035,2040,0,154.41,,1,133034.2344,1,65,15
1057,1,4,13,10,20,1,2040,2045,0,150.59,,1,131779.2031,1,65,15
1058,1,4,13,10,21,1,2045,,0,146.87,,1,131779.2031,1,65,15
1060,1,4,13,5,6,1,2005,2009,0,58.68,,1,144329.5938,1,65,15
1061,1,4,13,5,14,1,2009,2015,0,57.78,,1,138054.4063,1,65,15
1062,1,4,13,5,15,1,2015,2020,0,56.12,,1,136799.3594,1,65,15
1063,1,4,13,5,16,1,2020,2025,0,54.73,,1,135544.3125,1,65,15
1064,1,4,13,5,17,1,2025,2030,0,53.37,,1,134289.2813,1,65,15
1065,1,4,13,5,18,1,2030,2035,0,52.05,,1,133034.2344,1,65,15
1066,1,4,13,5,19,1,2035,2040,0,50.76,,1,131779.2031,1,65,15
1067,1,4,13,5,20,1,2040,2045,0,49.51,,1,131779.2031,1,65,15
1068,1,4,13,5,21,1,2045,,0,48.28,,1,131779.2031,1,65,15
1110,1,4,12,7,7,1,2010,2020,0,78.85,,1,138054,1,39,15
1111,1,4,12,7,9,1,2030,,0,101.95,,1,138054,1,39,15
1121,1,4,12,2,15,1,2015,2020,0,38.31,,0,125504,1,39,15
1122,1,4,12,2,16,1,2020,2025,0,37.37,,0,125504,1,39,15
1123,1,4,12,2,17,1,2025,2030,0,36.45,,0,125504,1,39,15
1124,1,4,12,2,18,1,2030,2035,0,35.54,,0,125504,1,39,15
1125,1,4,12,2,19,1,2035,2040,0,34.66,,0,125504,1,39,15
1126,1,4,12,2,20,1,2040,2045,0,33.81,,0,125504,1,39,15
1127,1,4,12,2,21,1,2045,,0,32.97,,0,125504,1,39,15
1130,1,4,12,2,6,1,2005,2009,0,40.12,,0,125504,1,39,15
1131,1,4,12,8,8,1,2005,2020,0,54.84,,1,131779,1,39,15
1132,1,4,12,2,6,1,2005,2009,1,32.09,,1,145000,1,39,15
1133,1,4,12,12,21,1,2045,,0,68.88,,2,127209.6875,1,39,15
1134,1,4,12,13,13,1,2015,2020,0,240.72,,1,195746,1,39,15
1135,1,4,12,13,13,1,2020,2025,0,228.93,,1,176939,1,39,15
1136,1,4,12,13,13,1,2025,2030,0,217.71,,1,164061,1,39,15
1137,1,4,12,13,13,1,2030,2035,0,207.04,,1,152120,1,39,15
1138,1,4,12,13,13,1,2035,2040,0,196.89,,1,141048,1,39,15
1139,1,4,12,13,13,1,2040,,0,187.24,,1,130782,1,39,15
1141,1,4,12,8,9,1,2020,,0,51.03,,1,131779,1,39,15
1142,1,4,12,2,14,1,2009,2015,1,31.47,,1,138054,1,39,15
1143,1,4,12,2,15,1,2015,2020,1,30.65,,1,138054,1,39,15
1144,1,4,12,2,16,1,2020,2025,1,29.90,,1,138054,1,39,15
1145,1,4,12,2,17,1,2025,2030,1,29.16,,1,138054,1,39,15
1146,1,4,12,2,18,1,2030,2035,1,28.44,,1,138054,1,39,15
1147,1,4,12,2,19,1,2035,2040,1,27.73,,1,138054,1,39,15
1148,1,4,12,2,20,1,2040,2045,1,27.05,,1,138054,1,39,15
1149,1,4,12,2,21,1,2045,,1,26.38,,1,138054,1,39,15
1150,1,4,13,12,6,1,2005,2009,0,135.37,,2,225000,1,65,15
1151,1,4,13,12,14,1,2009,2015,0,130.03,,2,207532.8438,1,65,15
1152,1,4,13,2,1,1,1980,1993,0,37.85,,0,125504,1,65,15
1153,1,4,13,2,14,1,2009,2015,0,35.40,,0,125504,1,65,15
1155,1,4,13,12,15,1,2015,2020,0,122.42,,2,183841.375,1,65,15
1156,1,4,13,12,16,1,2020,2025,0,116.42,,2,170460.7656,1,65,15
1158,1,4,13,2,3,1,1992,1996,0,37.76,,0,125504,1,65,15
1159,1,4,13,2,4,1,1996,2000,0,37.85,,0,125504,1,65,15
1161,1,4,13,12,17,1,2025,2030,0,110.72,,2,158054.0313,1,65,15
1162,1,4,13,12,18,1,2030,2035,0,105.29,,2,146550.3125,1,65,15
1163,1,4,13,2,5,1,2000,2005,0,37.91,,0,125504,1,65,15
1164,1,4,13,8,7,1,1990,2005,0,42.54,,0,138054,1,65,15
1166,1,4,13,2,6,1,2005,2009,0,36.09,,0,125504,1,65,15
1167,1,4,13,8,8,1,2005,2020,0,42.54,,0,131779,1,65,15
1168,1,4,13,2,6,1,2005,2009,1,37.89,,0,138054,1,65,15
1169,1,4,13,12,19,1,2035,2040,0,100.13,,2,139367.8906,1,65,15
1170,1,4,13,13,13,1,2015,2020,0,240.72,,1,195746,1,65,15
1171,1,4,13,2,15,1,2015,2020,0,34.46,,0,125504,1,65,15
1172,1,4,13,2,16,1,2020,2025,0,33.62,,0,125504,1,65,15
1173,1,4,13,2,17,1,2025,2030,0,32.79,,0,125504,1,65,15
1174,1,4,13,2,18,1,2030,2035,0,31.98,,0,125504,1,65,15
1175,1,4,13,2,19,1,2035,2040,0,31.19,,0,125504,1,65,15
1176,1,4,13,2,20,1,2040,2045,0,30.41,,0,125504,1,65,15
1177,1,4,13,2,21,1,2045,,0,29.66,,0,125504,1,65,15
1179,1,4,13,8,9,1,2020,,0,39.60,,0,131779,1,65,15
1180,1,4,13,2,14,1,2009,2015,1,37.20,,0,138054,1,65,15
1181,1,4,13,2,15,1,2015,2020,1,36.24,,0,138054,1,65,15
1182,1,4,13,2,16,1,2020,2025,1,35.35,,0,138054,1,65,15
1183,1,4,13,2,17,1,2025,2030,1,34.48,,0,138054,1,65,15
1184,1,4,13,2,18,1,2030,2035,1,33.62,,0,138054,1,65,15
1185,1,4,13,2,19,1,2035,2040,1,32.79,,0,138054,1,65,15
1186,1,4,13,2,20,1,2040,2045,1,31.98,,0,138054,1,65,15
1187,1,4,13,2,21,1,2045,,1,31.19,,0,138054,1,65,15
1188,1,4,13,12,20,1,2040,2045,0,95.22,,2,132537.4688,1,65,15
1189,1,4,13,12,21,1,2045,,0,90.56,,2,126041.8125,1,65,15
1190,1,4,13,13,13,1,2020,2025,0,329.16,,1,176939,1,65,15
1191,1,4,13,13,13,1,2025,2030,0,313.03,,1,164061,1,65,15
1192,1,4,13,13,13,1,2030,2035,0,297.69,,1,152120,1,65,15
1193,1,4,13,13,13,1,2035,2040,0,283.10,,1,141048,1,65,15
1194,1,4,13,13,13,1,2040,,0,269.22,,1,130782,1,65,15
1200,1,5,21,2,1,2,1980,1995,0,13.16,,0,21000,1,2.5,10
1220,1,5,21,2,14,2,2009,2015,0,8.94,,0,21000,1,2.5,10
1221,1,5,21,2,14,2,2009,2015,1,6.25,,0,28600,1,2.5,10
1222,1,5,21,2,15,2,2015,2020,1,5.76,,0,23210,1,2.5,10
1223,1,5,21,2,16,2,2020,2025,1,5.35,,0,23210,1,2.5,10
1224,1,5,21,2,17,2,2025,2030,1,4.96,,0,23210,1,2.5,10
1225,1,5,21,2,18,2,2030,2035,1,4.60,,0,23210,1,2.5,10
1226,1,5,21,2,19,2,2035,2040,1,4.26,,0,23210,1,2.5,10
1227,1,5,21,2,20,2,2040,2045,1,3.95,,0,23210,1,2.5,10
1228,1,5,21,2,21,2,2045,,1,3.67,,0,23210,1,2.5,10
1230,1,5,21,7,6,2,2005,2009,0,12.65,,1,24200,1,2.5,10
1240,1,5,21,5,5,2,2001,2005,0,20.66,,0,24200,1,2.5,10
1250,1,5,21,10,6,2,2005,2009,0,46.29,,1,26400,1,2.5,10
1251,1,5,21,10,14,2,2009,2015,0,43.32,,1,25300,1,2.5,10
1252,1,5,21,10,15,2,2015,2020,0,39.55,,1,24200,1,2.5,10
1253,1,5,21,10,16,2,2020,2025,0,36.67,,1,23980,1,2.5,10
1254,1,5,21,10,17,2,2025,2030,0,34.00,,1,23760,1,2.5,10
1255,1,5,21,10,18,2,2030,2035,0,31.53,,1,23540,1,2.5,10
1256,1,5,21,10,19,2,2035,2040,0,29.23,,1,23320,1,2.5,10
1257,1,5,21,10,20,2,2040,2045,0,27.11,,1,23100,1,2.5,10
1258,1,5,21,10,21,2,2045,,0,25.13,,1,23100,1,2.5,10
1260,1,5,21,5,6,2,2005,2009,0,15.22,,1,25300,1,2.5,10
1261,1,5,21,5,14,2,2009,2015,0,14.24,,1,24200,1,2.5,10
1262,1,5,21,5,15,2,2015,2020,0,13.00,,1,23980,1,2.5,10
1263,1,5,21,5,16,2,2020,2025,0,12.06,,1,23760,1,2.5,10
1264,1,5,21,5,17,2,2025,2030,0,11.18,,1,23540,1,2.5,10
1265,1,5,21,5,18,2,2030,2035,0,10.36,,1,23320,1,2.5,10
1266,1,5,21,5,19,2,2035,2040,0,9.61,,1,23100,1,2.5,10
1267,1,5,21,5,20,2,2040,2045,0,8.91,,1,23100,1,2.5,10
1268,1,5,21,5,21,2,2045,,0,8.26,,1,23100,1,2.5,10
1280,1,5,21,12,15,2,2015,2020,0,37.13,,2,30000,1,2.5,10
1300,1,5,21,12,5,2,2001,2005,0,53.76,,2,44000,1,2.5,10
1301,1,5,21,2,14,2,2009,2015,2,5.44,46.99,1,30000,1,2.5,10
1302,1,5,21,2,15,2,2015,2020,2,5.11,42.91,1,26400,1,2.5,10
1303,1,5,21,2,16,2,2020,2025,2,4.74,39.79,1,25300,1,2.5,10
1304,1,5,21,2,17,2,2025,2030,2,4.39,36.89,1,25300,1,2.5,10
1305,1,5,21,2,18,2,2030,2035,2,4.07,34.21,1,25300,1,2.5,10
1306,1,5,21,2,19,2,2035,2040,2,3.78,31.72,1,25300,1,2.5,10
1307,1,5,21,2,20,2,2040,2045,2,3.50,29.41,1,25300,1,2.5,10
1308,1,5,21,2,21,2,2045,,2,3.30,27.27,1,25300,1,2.5,10
1320,1,5,21,2,3,2,1994,1998,0,12.96,,0,21000,1,2.5,10
1340,1,5,21,2,4,2,1998,2001,0,11.95,,0,21000,1,2.5,10
1360,1,5,21,12,6,2,2005,2009,0,45.94,,2,44000,1,2.5,10
1365,1,5,21,12,14,2,2009,2015,0,40.65,,2,35000,1,2.5,10
1370,1,5,21,13,13,2,2020,2025,0,208.68,,2,40000,1,2.5,10
1371,1,5,21,13,13,2,2025,2030,0,179.20,,2,35000,1,2.5,10
1372,1,5,21,13,13,2,2030,2035,0,153.89,,2,30000,1,2.5,10
1373,1,5,21,13,13,2,2035,2040,0,132.15,,2,30000,1,2.5,10
1374,1,5,21,13,13,2,2040,2045,0,113.48,,2,30000,1,2.5,10
1375,1,5,21,13,13,2,2045,,0,97.45,,2,30000,1,2.5,10
1390,1,5,21,2,5,2,2001,2005,0,10.86,,0,21000,1,2.5,10
1391,1,5,21,8,6,2,2005,2009,0,11.78,,0,24200,1,2.5,10
1410,1,5,21,1,1,2,1980,1995,0,16.33,,0,21000,1,2.5,10
1440,1,5,21,12,16,2,2020,2025,0,34.42,,2,28000,1,2.5,10
1450,1,5,21,1,3,2,1994,1998,0,15.65,,0,21000,1,2.5,10
1451,1,5,21,1,4,2,1998,2001,0,14.52,,0,21000,1,2.5,10
1452,1,5,21,1,5,2,2001,2005,0,12.66,,0,21000,1,2.5,10
1453,1,5,21,1,6,2,2005,2009,0,11.62,,0,21000,1,2.5,10
1460,1,5,21,2,6,2,2005,2009,0,10.07,,0,21000,1,2.5,10
1461,1,5,21,8,14,2,2009,2015,0,10.45,,0,24200,1,2.5,10
1462,1,5,21,2,6,2,2005,2009,1,6.98,,0,33000,1,2.5,10
1463,1,5,21,12,17,2,2025,2030,0,31.92,,2,27000,1,2.5,10
1464,1,5,21,2,15,2,2015,2020,0,8.23,,0,21000,1,2.5,10
1465,1,5,21,2,16,2,2020,2025,0,7.64,,0,21000,1,2.5,10
1466,1,5,21,2,17,2,2025,2030,0,7.09,,0,21000,1,2.5,10
1467,1,5,21,2,18,2,2030,2035,0,6.57,,0,21000,1,2.5,10
1468,1,5,21,2,19,2,2035,2040,0,6.09,,0,21000,1,2.5,10
1469,1,5,21,2,20,2,2040,2045,0,5.65,,0,21000,1,2.5,10
1470,1,5,21,2,21,2,2045,,0,5.24,,0,21000,1,2.5,10
1471,1,5,21,1,14,2,2009,2015,0,10.67,,1,21000,1,2.5,10
1472,1,5,21,1,15,2,2015,2020,0,9.83,,1,21000,1,2.5,10
1473,1,5,21,1,16,2,2020,2025,0,9.12,,1,21000,1,2.5,10
1474,1,5,21,1,17,2,2025,2030,0,8.46,,1,21000,1,2.5,10
1475,1,5,21,1,18,2,2030,2035,0,7.84,,1,21000,1,2.5,10
1476,1,5,21,1,19,2,2035,2040,0,7.27,,1,21000,1,2.5,10
1477,1,5,21,1,20,2,2040,2045,0,6.74,,1,21000,1,2.5,10
1478,1,5,21,1,21,2,2045,,0,6.25,,1,21000,1,2.5,10
1480,1,5,21,8,15,2,2015,2020,0,8.28,,0,23100,1,2.5,10
1481,1,5,21,8,16,2,2020,2025,0,7.68,,0,23100,1,2.5,10
1482,1,5,21,8,17,2,2025,2030,0,7.12,,0,23100,1,2.5,10
1483,1,5,21,8,18,2,2030,2035,0,6.60,,0,23100,1,2.5,10
1484,1,5,21,8,19,2,2035,2040,0,6.12,,0,23100,1,2.5,10
1485,1,5,21,8,20,2,2040,2045,0,5.68,,0,23100,1,2.5,10
1486,1,5,21,8,21,2,2045,,0,5.26,,0,23100,1,2.5,10
1510,1,5,21,7,14,2,2009,2015,0,11.66,,1,24200,1,2.5,10
1511,1,5,21,7,15,2,2015,2020,0,8.44,,1,24200,1,2.5,10
1512,1,5,21,7,16,2,2020,2025,0,7.83,,1,24200,1,2.5,10
1513,1,5,21,7,17,2,2025,2030,0,7.26,,1,24200,1,2.5,10
1514,1,5,21,7,18,2,2030,2035,0,6.73,,1,24200,1,2.5,10
1515,1,5,21,7,19,2,2035,2040,0,6.24,,1,24200,1,2.5,10
1516,1,5,21,7,20,2,2040,2045,0,5.79,,1,24200,1,2.5,10
1517,1,5,21,7,21,2,2045,,0,5.37,,1,24200,1,2.5,10
1520,1,5,22,2,1,2,1980,1993,0,26.35,,0,55000,1,8,7
1530,1,5,22,2,14,2,2009,2015,0,22.03,,0,55000,1,8,7
1540,1,5,22,10,6,2,2005,2009,0,147.52,,1,66000,1,8,7
1541,1,5,22,10,14,2,2009,2015,0,142.27,,1,63250,1,8,7
1542,1,5,22,10,15,2,2015,2020,0,117.52,,1,60500,1,8,7
1543,1,5,22,10,16,2,2020,2025,0,108.96,,1,59950,1,8,7
1544,1,5,22,10,17,2,2025,2030,0,101.03,,1,59400,1,8,7
1545,1,5,22,10,18,2,2030,2035,0,93.68,,1,58850,1,8,7
1546,1,5,22,10,19,2,2035,2040,0,86.86,,1,58300,1,8,7
1547,1,5,22,10,20,2,2040,2045,0,80.54,,1,57750,1,8,7
1548,1,5,22,10,21,2,2045,,0,74.68,,1,57750,1,8,7
1550,1,5,22,5,5,2,2000,2005,0,46.06,,1,66000,1,8,7
1551,1,5,22,5,6,2,2005,2009,0,48.44,,1,63250,1,8,7
1552,1,5,22,5,14,2,2009,2015,0,46.76,,1,60500,1,8,7
1553,1,5,22,5,15,2,2015,2020,0,38.63,,1,59950,1,8,7
1554,1,5,22,5,16,2,2020,2025,0,35.82,,1,59400,1,8,7
1555,1,5,22,5,17,2,2025,2030,0,33.21,,1,58850,1,8,7
1556,1,5,22,5,18,2,2030,2035,0,30.80,,1,58300,1,8,7
1557,1,5,22,5,19,2,2035,2040,0,28.56,,1,57750,1,8,7
1558,1,5,22,5,20,2,2040,2045,0,26.48,,1,57750,1,8,7
1559,1,5,22,5,21,2,2045,,0,24.55,,1,57750,1,8,7
1560,1,5,22,2,3,2,1992,1996,0,26.32,,0,55000,1,8,7
1570,1,5,22,2,4,2,1996,2000,0,26.03,,0,55000,1,8,7
1590,1,5,22,2,5,2,2000,2005,0,25.11,,0,55000,1,8,7
1591,1,5,22,8,6,2,2005,2009,0,28.49,,1,60500,1,8,7
1592,1,5,22,8,14,2,2009,2020,0,26.98,,1,57750,1,8,7
1593,1,5,22,13,13,2,2020,2025,0,208.69,,1,82500,1,8,7
1594,1,5,22,13,13,2,2025,2030,0,161.32,,1,71500,1,8,7
1595,1,5,22,13,13,2,2030,2035,0,138.53,,1,66000,1,8,7
1596,1,5,22,13,13,2,2035,2040,0,118.96,,1,63250,1,8,7
1597,1,5,22,13,13,2,2040,2045,0,102.16,,1,63250,1,8,7
1598,1,5,22,13,13,2,2045,,0,87.73,,1,63250,1,8,7
1599,1,5,21,12,18,2,2030,2035,0,29.60,,2,25000,1,2.5,10
1600,1,5,21,12,19,2,2035,2040,0,27.44,,2,24000,1,2.5,10
1601,1,5,21,12,20,2,2040,2045,0,25.44,,2,23000,1,2.5,10
1602,1,5,21,12,21,2,2045,,0,23.59,,2,22000,1,2.5,10
1603,1,5,22,12,7,2,2015,2025,0,93.47,,2,75000,1,8,7
1604,1,5,22,12,8,2,2025,2035,0,80.36,,2,61280.46094,1,8,7
1605,1,5,22,12,9,2,2035,,0,69.08,,2,55420.94922,1,8,7
1610,1,5,22,2,6,2,2005,2009,0,23.34,,0,55000,1,8,7
1611,1,5,22,8,16,2,2020,2030,0,23.04,,1,57750,1,8,7
1612,1,5,22,2,14,2,2009,,1,14.23,,0,60500,1,8,7
1613,1,5,22,14,6,2,2010,,0,87.03,,1,71500,1,8,7
1614,1,5,22,8,18,2,2030,,0,19.81,,1,57750,1,8,7
1615,1,5,22,2,15,2,2015,2020,0,20.28,,0,55000,1,8,7
1616,1,5,22,2,16,2,2020,2025,0,18.82,,0,55000,1,8,7
1617,1,5,22,2,17,2,2025,2030,0,17.45,,0,55000,1,8,7
1618,1,5,22,2,18,2,2030,2035,0,16.18,,0,55000,1,8,7
1619,1,5,22,2,19,2,2035,2040,0,15.01,,0,55000,1,8,7
1620,1,5,22,2,20,2,2040,2045,0,13.91,,0,55000,1,8,7
1621,1,5,22,2,21,2,2045,,0,12.90,,0,55000,1,8,7
1630,1,5,23,2,1,2,1980,1993,0,38.51,,0,100000,1,12,7
1640,1,5,23,2,14,2,2009,2015,0,32.19,,0,100000,1,12,7
1650,1,5,23,2,3,2,1992,1996,0,38.47,,0,100000,1,12,7
1660,1,5,23,2,4,2,1996,2000,0,38.04,,0,100000,1,12,7
1670,1,5,23,2,5,2,2000,2005,0,36.69,,0,100000,1,12,7
1671,1,5,23,8,6,2,2005,2009,0,43.75,,1,110000,1,12,7
1675,1,5,23,2,14,2,2009,2020,1,20.97,,0,105000,1,12,7
1680,1,5,23,8,14,2,2009,2020,0,41.40,,1,105000,1,12,7
1681,1,5,23,13,13,2,2020,2025,0,260.86,,1,130000,1,12,7
1682,1,5,23,2,6,2,2005,2009,0,34.11,,0,100000,1,12,7
1683,1,5,23,8,16,2,2020,2030,0,35.35,,1,105000,1,12,7
1684,1,5,23,2,16,2,2020,,1,17.87,,0,105000,1,12,7
1685,1,5,23,14,6,2,2010,,0,127.19,,1,110000,1,12,7
1686,1,5,23,8,18,2,2030,,0,30.39,,1,105000,1,12,7
1690,1,5,23,2,15,2,2015,2020,0,29.64,,0,100000,1,12,7
1691,1,5,23,2,16,2,2020,2025,0,27.51,,0,100000,1,12,7
1692,1,5,23,2,17,2,2025,2030,0,25.51,,0,100000,1,12,7
1693,1,5,23,2,18,2,2030,2035,0,23.65,,0,100000,1,12,7
1694,1,5,23,2,19,2,2035,2040,0,21.93,,0,100000,1,12,7
1695,1,5,23,2,20,2,2040,2045,0,20.34,,0,100000,1,12,7
1696,1,5,23,2,21,2,2045,,0,18.86,,0,100000,1,12,7
1697,1,5,23,13,13,2,2025,2030,0,201.65,,1,125000,1,12,7
1698,1,5,23,13,13,2,2030,2035,0,173.17,,1,120000,1,12,7
1699,1,5,23,13,13,2,2035,2040,0,148.70,,1,115000,1,12,7
1700,1,5,23,13,13,2,2040,2045,0,127.70,,1,115000,1,12,7
1701,1,5,23,13,13,2,2045,,0,109.66,,1,115000,1,12,7
1702,1,3,2,12,15,1,2015,2019,0,20.49,,2,25000,1,5,12
1703,1,3,2,12,16,1,2020,2024,0,19.00,,2,20000,1,5,12
1704,1,3,2,12,17,1,2025,2029,0,17.62,,2,17500,1,5,12
1705,1,3,2,12,18,1,2030,2034,0,16.33,,2,15000,1,5,12
1706,1,3,2,12,19,1,2035,2039,0,15.14,,2,15000,1,5,12
1707,1,3,2,12,20,1,2040,2044,0,14.04,,2,15000,1,5,12
1708,1,3,2,12,21,1,2045,,0,13.02,,2,15000,1,5,12
1720,1,5,23,10,6,2,2005,2009,0,215.61,,1,120000,1,12,7
1721,1,5,23,10,14,2,2009,2015,0,207.94,,1,115000,1,12,7
1722,1,5,23,10,15,2,2015,2020,0,171.75,,1,110000,1,12,7
1723,1,5,23,10,16,2,2020,2025,0,159.25,,1,109000,1,12,7
1724,1,5,23,10,17,2,2025,2030,0,147.66,,1,108000,1,12,7
1725,1,5,23,10,18,2,2030,2035,0,136.91,,1,107000,1,12,7
1726,1,5,23,10,19,2,2035,2040,0,126.95,,1,106000,1,12,7
1727,1,5,23,10,20,2,2040,2045,0,117.71,,1,105000,1,12,7
1728,1,5,23,10,21,2,2045,,0,109.14,,1,105000,1,12,7
1730,1,5,23,5,5,2,2000,2005,0,67.32,,1,120000,1,12,7
1731,1,5,23,5,6,2,2005,2009,0,70.80,,1,115000,1,12,7
1732,1,5,23,5,14,2,2009,2015,0,68.35,,1,110000,1,12,7
1733,1,5,23,5,15,2,2015,2020,0,56.46,,1,109000,1,12,7
1734,1,5,23,5,16,2,2020,2025,0,52.35,,1,108000,1,12,7
1735,1,5,23,5,17,2,2025,2030,0,48.54,,1,107000,1,12,7
1736,1,5,23,5,18,2,2030,2035,0,45.01,,1,106000,1,12,7
1737,1,5,23,5,19,2,2035,2040,0,41.73,,1,105000,1,12,7
1738,1,5,23,5,20,2,2040,2045,0,38.70,,1,105000,1,12,7
1739,1,5,23,5,21,2,2045,,0,35.88,,1,105000,1,12,7
2010,2,6,31,2,7,1,1980,2000,0,362.20,,0,2500000,1,250,40
2020,2,6,31,12,7,1,1980,2000,0,411.60,,2,2500000,1,250,40
2030,2,6,31,12,8,1,2000,2015,0,333.00,,2,2500000,1,250,40
2040,2,6,31,2,8,1,2000,2015,0,330.00,,1,2500000,1,250,40
2050,2,6,31,12,9,1,2015,,0,308.88,,2,2500000,1,250,40
2060,2,6,31,2,9,1,2015,,0,306.10,,1,2500000,1,250,40
2070,2,6,32,2,7,2,1980,2000,0,473.58,,0,10000000,1,700,40
2080,2,6,32,2,7,1,1980,2000,0,332.01,,0,5000000,1,300,40
2090,2,6,32,12,7,2,1980,2000,0,1590.30,,2,10000000,1,700,40
2100,2,6,32,12,7,1,1980,2000,0,1258.11,,2,5000000,1,300,40
2110,2,6,32,12,8,1,2000,2015,0,1017.00,,2,5000000,1,300,40
2120,2,6,32,2,8,1,2000,2015,0,301.34,,1,5000000,1,300,40
2130,2,6,32,2,8,2,2000,2015,0,301.34,,1,10000000,1,700,40
2140,2,6,32,12,8,2,2000,2015,0,1296.00,,2,10000000,1,700,40
2150,2,6,32,2,9,1,2015,,0,280.88,,1,5000000,1,300,40
2160,2,6,32,12,9,1,2015,,0,943.34,,2,5000000,1,300,40
2170,2,6,32,2,9,2,2015,,0,280.88,,1,10000000,1,700,40
2180,2,6,32,12,9,2,2015,,0,1202.13,,2,10000000,1,700,40
2190,2,6,33,2,7,1,1980,2000,0,430.78,,1,10000000,1,700,40
2200,2,6,33,12,7,2,1980,2000,0,1590.00,,2,15000000,1,700,40
2210,2,6,33,12,7,1,1980,2000,0,1391.67,,2,10000000,1,700,40
2220,2,6,33,2,7,2,1980,2000,0,362.20,,1,15000000,1,700,40
2230,2,6,33,2,8,2,2000,2015,0,330.00,,1,15000000,1,700,40
2240,2,6,33,2,8,1,2000,2015,0,393.05,,1,10000000,1,700,40
2250,2,6,33,12,8,1,2000,2015,0,1134.00,,2,10000000,1,700,40
2260,2,6,33,12,8,2,2000,2015,0,1440.00,,2,15000000,1,700,40
2270,2,6,33,12,9,1,2015,,0,1051.86,,2,10000000,1,700,40
2280,2,6,33,12,9,2,2015,,0,1224.00,,2,15000000,1,700,40
2290,2,6,33,2,9,2,2015,,0,313.50,,0,15000000,1,700,40
2300,2,6,33,2,9,1,2015,,0,366.37,,1,10000000,1,700,40
2310,2,6,34,12,7,1,1990,2000,0,3000.00,,1,20000000,1,750,40
2320,2,6,34,12,8,1,2000,2015,0,2700.00,,1,20000000,1,750,40
2330,2,6,34,12,9,1,2015,,0,2504.44,,1,20000000,1,750,40
3010,3,7,51,2,7,2,1980,2010,0,4186.29,,0,600000,1,5000,40
3020,3,7,51,2,8,2,2010,,0,3765.03,,0,600000,1,5000,40
3030,3,7,52,2,7,2,1980,2010,0,5023.72,,1,2000000,1,30000,40
3040,3,7,52,2,8,2,2010,,0,4518.04,,1,2000000,1,30000,40
3050,3,7,53,2,7,2,1980,2010,0,1314.60,,1,20000000,1,60000,40
3060,3,7,53,2,8,2,2010,,0,1182.40,,1,20000000,1,60000,40
4010,4,8,41,15,7,1,1980,,0,13.57,,0,400000,1,9,30
4040,4,8,42,15,7,2,1985,2005,0,654.38,,0,4000000,1,7,30
4050,4,8,42,15,7,1,1985,2005,0,654.08,,0,4000000,1,70,30
4060,4,8,42,15,8,2,2005,2015,0,527.94,,1,4000000,1,7,30
4070,4,8,42,15,8,1,2005,2015,0,527.82,,1,4000000,1,70,30
4080,4,8,42,12,17,1,2025,2035,0,860.00,,2,6000000,1,70,30
4081,4,8,42,12,19,1,2035,2045,0,600.00,,2,5000000,1,70,30
4082,4,8,42,12,21,1,2045,,0,422.00,,2,4000000,1,70,30
4090,4,8,42,15,15,2,2015,2025,0,484.16,,0,4000000,1,7,30
4091,4,8,42,15,17,2,2025,2035,0,446.31,,1,4000000,1,7,30
4092,4,8,42,15,19,2,2035,2045,0,411.87,,1,4000000,1,7,30
4093,4,8,42,15,21,2,2045,,0,380.08,,1,4000000,1,7,30
4100,4,8,42,15,15,1,2015,2025,0,484.16,,1,4000000,1,70,30
4101,4,8,42,15,17,1,2025,2035,0,446.31,,1,4000000,1,70,30
4102,4,8,42,15,19,1,2035,2045,0,411.87,,1,4000000,1,70,30
4103,4,8,42,15,21,1,2045,,0,380.08,,1,4000000,1,70,30
4110,4,8,42,12,17,2,2025,2035,0,860.00,,2,6000000,1,7,30
4111,4,8,42,12,19,2,2035,2045,0,600.00,,2,5000000,1,7,30
4112,4,8,42,12,21,2,2045,,0,422.00,,2,4000000,1,7,30
4120,4,8,43,15,7,2,1985,2005,0,640.74,,0,75000000,1,17,30
4130,4,8,43,15,7,1,1985,2005,0,623.86,,0,75000000,1,170,30
4140,4,8,43,15,8,2,2005,2015,0,517.86,,0,75000000,1,17,30
4150,4,8,43,15,8,1,2005,2015,0,504.15,,1,75000000,1,170,30
4160,4,8,43,14,9,2,2025,2035,0,1963.64,,1,100000000,1,17,30
4161,4,8,43,14,19,2,2035,2045,0,1745.46,,1,100000000,1,17,30
4162,4,8,43,14,21,2,2045,,0,1636.37,,1,100000000,1,17,30
4170,4,8,43,15,15,2,2015,2025,0,479.31,,0,75000000,1,17,30
4171,4,8,43,15,17,2,2025,2035,0,442.55,,1,75000000,1,17,30
4172,4,8,43,15,19,2,2035,2045,0,408.40,,1,75000000,1,17,30
4173,4,8,43,15,21,2,2045,,0,376.88,,1,75000000,1,17,30
4180,4,8,43,14,9,1,2025,2035,0,1911.69,,1,100000000,1,170,30
4181,4,8,43,14,19,1,2035,2045,0,1699.28,,1,90438208,1,170,30
4182,4,8,43,14,21,1,2045,,0,1593.07,,1,81790704,1,170,30
4190,4,8,43,15,15,1,2015,2025,0,466.63,,1,75000000,1,170,30
4191,4,8,43,15,17,1,2025,2035,0,430.84,,1,75000000,1,170,30
4192,4,8,43,15,19,1,2035,2045,0,397.59,,1,75000000,1,170,30
4193,4,8,43,15,21,1,2045,,0,366.91,,1,75000000,1,170,30
4200,4,8,44,15,7,2,1985,2005,0,1147.88,,0,150000000,1,24,30
4210,4,8,44,15,7,1,1985,2005,0,1142.33,,0,150000000,1,240,30
4220,4,8,44,15,8,1,2005,2015,0,926.49,,0,150000000,1,240,30
4230,4,8,44,15,8,2,2005,2015,0,930.89,,1,150000000,1,24,30
4240,4,8,44,14,9,1,2025,2035,0,3513.13,,1,200000000,1,240,30
4241,4,8,44,14,19,1,2035,2045,0,3122.78,,1,180876400,1,240,30
4242,4,8,44,14,21,1,2045,,0,2927.61,,1,163581408,1,240,30
4250,4,8,44,15,15,1,2015,2025,0,857.53,,0,150000000,1,240,30
4251,4,8,44,15,17,1,2025,2035,0,791.77,,1,150000000,1,240,30
4252,4,8,44,15,19,1,2035,2045,0,730.66,,1,150000000,1,240,30
4253,4,8,44,15,21,1,2045,,0,674.27,,1,150000000,1,240,30
4260,4,8,44,14,9,2,2025,2035,0,3530.21,,1,200000000,1,24,30
4261,4,8,44,14,19,2,2035,2045,0,3137.96,,1,180876400,1,24,30
4262,4,8,44,14,21,2,2045,,0,2941.84,,1,163581408,1,24,30
4270,4,8,44,15,15,2,2015,2025,0,861.70,,1,150000000,1,24,30
4271,4,8,44,15,17,2,2025,2035,0,795.62,,1,150000000,1,24,30
4272,4,8,44,15,19,2,2035,2045,0,734.21,,1,150000000,1,24,30
4273,4,8,44,15,21,2,2045,,0,677.54,,1,150000000,1,24,30
4275,4,8,45,15,7,1,1980,2005,0,1640.60,,0,155000000,1,100,30
4280,4,8,45,15,8,2,2005,2015,0,1645.50,,0,155000000,1,10,30
4281,4,8,45,15,15,2,2015,2025,0,1645.50,,0,155000000,1,10,30
4282,4,8,45,15,17,2,2025,2035,0,1645.50,,0,155000000,1,10,30
4283,4,8,45,15,19,2,2035,2045,0,1645.50,,0,155000000,1,10,30
4284,4,8,45,15,21,2,2045,,0,1645.50,,0,155000000,1,10,30
4290,4,8,45,15,8,1,2005,2015,0,1645.50,,0,155000000,1,100,30
4291,4,8,45,15,15,1,2015,2025,0,1645.50,,1,155000000,1,100,30
4292,4,8,45,15,17,1,2025,2035,0,1645.50,,1,155000000,1,100,30
4293,4,8,45,15,19,1,2035,2045,0,1645.50,,1,155000000,1,100,30
4294,4,8,45,15,21,1,2045,,0,1645.50,,1,155000000,1,100,30
4310,4,8,45,14,9,2,2025,2035,0,6636.00,,0,155000000,1,10,30
4311,4,8,45,14,19,2,2035,2045,0,6400.00,,1,155000000,1,10,30
4312,4,8,45,14,21,2,2045,,0,6200.00,,1,155000000,1,10,30
4320,4,8,45,14,9,1,2025,2035,0,6636.00,,0,155000000,1,100,30
4321,4,8,45,14,19,1,2035,2045,0,6400.00,,1,155000000,1,100,30
4322,4,8,45,14,21,1,2045,,0,6200.00,,1,155000000,1,100,30
